feature,attribution,density,delta_score,signed_delta,auroc_base,auroc_ablated,auroc_drop
1472,-482.20804242793776,0.5610532407407407,1.5011669397354126,1.3826173543930054,0.6944444444444445,0.688320707070707,0.006123737373737503
203,289.37224447066797,0.5619212962962963,1.078240990638733,-0.55801922082901,0.6944444444444445,0.6951073232323233,-0.0006628787878787401
1080,200.18310296150096,0.5144675925925926,0.8027653098106384,-0.18806220591068268,0.6944444444444445,0.6835542929292928,0.010890151515151714
1568,-121.38192796021883,0.5190972222222222,0.7618862986564636,0.47661176323890686,0.6944444444444445,0.6993055555555555,-0.004861111111110983
330,-17.628567049902173,0.5436921296296297,0.6717732548713684,0.12882880866527557,0.6944444444444445,0.682165404040404,0.012279040404040487
1559,146.83945817429392,0.3967013888888889,0.4856690466403961,-0.30771347880363464,0.6944444444444445,0.6936237373737374,0.0008207070707071384
1456,72.82660420029896,0.4418402777777778,0.442446231842041,-0.20371945202350616,0.6944444444444445,0.6889204545454546,0.005523989898989945
613,-21.421944133362615,0.4212962962962963,0.4261809289455414,0.1380300670862198,0.6944444444444445,0.6845959595959596,0.009848484848484884
569,-33.78898163548196,0.48466435185185186,0.4049972593784332,0.1356223225593567,0.6944444444444445,0.693560606060606,0.0008838383838385422
1091,-20.63140334603233,0.3880208333333333,0.2778390645980835,0.03480103239417076,0.6944444444444445,0.6805239898989899,0.013920454545454652
1447,53.238752005436766,0.38310185185185186,0.24461401998996735,-0.11736887693405151,0.6944444444444445,0.6981691919191919,-0.0037247474747473808
886,79.72840787560747,0.41608796296296297,0.23240339756011963,-0.20391494035720825,0.6944444444444445,0.6926767676767677,0.0017676767676768623
36,73.4410888898618,0.2864583333333333,0.23066991567611694,-0.1858353614807129,0.6944444444444445,0.6970959595959596,-0.0026515151515150714
568,54.720775575001575,0.26938657407407407,0.2255229949951172,-0.1518179476261139,0.6944444444444445,0.6968118686868686,-0.0023674242424240877
231,-55.79427237961458,0.3509837962962963,0.16180916130542755,0.1524883359670639,0.6944444444444445,0.6945391414141414,-9.469696969688357e-05
1107,13.938764090903359,0.43258101851851855,0.14465931057929993,-0.021969294175505638,0.6944444444444445,0.6930871212121212,0.001357323232323293
802,-35.428301122468795,0.2569444444444444,0.09565875679254532,0.09298056364059448,0.6944444444444445,0.6928661616161615,0.0015782828282829842
1593,-33.48523834295417,0.21961805555555555,0.09118432551622391,0.08816347271203995,0.6944444444444445,0.6932133838383838,0.0012310606060607077
603,35.1192449117319,0.14699074074074073,0.09080278873443604,-0.09080278873443604,0.6944444444444445,0.6946654040404041,-0.00022095959595958004
771,14.864810435166467,0.05758101851851852,0.0385497622191906,-0.0385497622191906,0.6944444444444445,0.6932133838383839,0.0012310606060605966
279,13.745859006377625,0.12413194444444445,0.035699471831321716,-0.03510245680809021,0.6944444444444445,0.6941919191919192,0.0002525252525252819
870,12.014156595111967,0.0703125,0.031024495139718056,-0.03098781406879425,0.6944444444444445,0.6936868686868687,0.0007575757575758457
920,11.910627315228215,0.06336805555555555,0.031022941693663597,-0.031022941693663597,0.6944444444444445,0.6941603535353535,0.0002840909090909838
118,-10.747525107880763,0.02922453703703704,0.02809610217809677,0.02809610217809677,0.6944444444444445,0.694665404040404,-0.000220959595959469
