encoder,layer,concept,auroc,lo,hi,n_test
ecgfounder_1lead,first_conv,is_mi,0.585,0.44,0.745,1360
ecgfounder_1lead,stage_list.0,is_mi,0.699,0.572,0.819,1360
ecgfounder_1lead,stage_list.1,is_mi,0.656,0.535,0.79,1360
ecgfounder_1lead,stage_list.2,is_mi,0.664,0.531,0.795,1360
ecgfounder_1lead,stage_list.3,is_mi,0.702,0.572,0.808,1360
ecgfounder_1lead,stage_list.4,is_mi,0.704,0.556,0.828,1360
ecgfounder_1lead,stage_list.5,is_mi,0.726,0.607,0.827,1360
ecgfounder_1lead,stage_list.6,is_mi,0.716,0.601,0.819,1360
clef_m,first_conv,is_mi,0.475,0.442,0.507,1360
clef_m,stage_list.0,is_mi,0.636,0.485,0.778,1360
clef_m,stage_list.1,is_mi,0.668,0.515,0.805,1360
clef_m,stage_list.2,is_mi,0.63,0.503,0.756,1360
clef_m,stage_list.3,is_mi,0.672,0.533,0.798,1360
clef_m,stage_list.4,is_mi,0.721,0.607,0.823,1360
clef_m,stage_list.5,is_mi,0.729,0.619,0.824,1360
clef_m,stage_list.6,is_mi,0.676,0.583,0.775,1360
clef_m_rand,first_conv,is_mi,0.476,0.442,0.508,1360
clef_m_rand,stage_list.0,is_mi,0.615,0.474,0.754,1360
clef_m_rand,stage_list.1,is_mi,0.635,0.506,0.778,1360
clef_m_rand,stage_list.2,is_mi,0.6,0.455,0.738,1360
clef_m_rand,stage_list.3,is_mi,0.582,0.436,0.717,1360
clef_m_rand,stage_list.4,is_mi,0.591,0.445,0.736,1360
clef_m_rand,stage_list.5,is_mi,0.539,0.398,0.69,1360
clef_m_rand,stage_list.6,is_mi,0.578,0.437,0.705,1360
