depth,a,b,ceiling,cka_over_ceiling,cka_linear,cka_linear_null,cka_rbf,cka_rbf_null,procrustes,procrustes_null,svcca,svcca_null,knn_overlap,knn_overlap_null,cka_linear_lo,cka_linear_hi
0.5,ecgfounder_1lead,clef_m,0.002,153.249,0.369,0.001,0.457,0.014,0.558,0.043,0.736,0.13,0.175,0.01,0.327,0.415
0.5,ecgfounder_1lead,clef_m_rand,0.002,224.65,0.529,0.001,0.484,0.008,0.561,0.03,0.84,0.132,0.122,0.01,0.505,0.563
0.5,clef_m,clef_m_rand,0.001,414.29,0.618,0.001,0.718,0.006,0.742,0.025,0.973,0.063,0.243,0.01,0.581,0.658
0.75,ecgfounder_1lead,clef_m,0.033,3.22,0.105,0.001,0.26,0.025,0.386,0.063,0.601,0.206,0.276,0.01,0.104,0.193
0.75,ecgfounder_1lead,clef_m_rand,0.03,4.498,0.135,0.001,0.174,0.016,0.305,0.04,0.791,0.214,0.134,0.01,0.117,0.186
0.75,clef_m,clef_m_rand,0.004,78.178,0.287,0.0,0.349,0.011,0.555,0.03,0.9,0.133,0.17,0.01,0.225,0.356
1.0,ecgfounder_1lead,clef_m,0.087,2.797,0.244,0.004,0.37,0.043,0.521,0.132,0.518,0.274,0.321,0.014,0.229,0.376
1.0,ecgfounder_1lead,clef_m_rand,0.081,4.634,0.376,0.002,0.414,0.02,0.416,0.042,0.908,0.317,0.331,0.014,0.338,0.463
1.0,clef_m,clef_m_rand,0.019,11.488,0.223,0.001,0.232,0.015,0.359,0.039,0.905,0.311,0.197,0.014,0.139,0.382
